nickname,datetime
쿠키,2024-12-13 10:08
빙봉,2024-12-13 10:07
빙티,2024-12-13 10:07
이든,2024-12-13 10:07
빙봉,2024-12-12 11:11
이든,2024-12-12 10:06
짱수,2024-12-12 10:00
빙봉,2024-12-11 10:02
쿠키,2024-12-11 10:02
빙티,2024-12-10 10:08
빙봉,2024-12-10 10:06
이든,2024-12-10 10:02
쿠키,2024-12-10 10:01
짱수,2024-12-10 10:00
쿠키,2024-12-09 13:03
빙봉,2024-12-09 13:02
이든,2024-12-09 13:01
짱수,2024-12-09 13:00
빙봉,2024-12-06 10:08
이든,2024-12-06 10:07
빙티,2024-12-06 10:01
짱수,2024-12-06 10:00
쿠키,2024-12-05 10:07
빙봉,2024-12-05 10:06
빙티,2024-12-05 10:06
짱수,2024-12-05 10:00
이든,2024-12-04 10:08
빙봉,2024-12-04 10:07
빙티,2024-12-04 10:02
쿠키,2024-12-04 10:02
짱수,2024-12-04 10:00
빙티,2024-12-03 10:07
이든,2024-12-03 10:06
쿠키,2024-12-03 10:06
빙봉,2024-12-03 10:03
짱수,2024-12-03 10:00
빙봉,2024-12-02 13:06
이든,2024-12-02 13:02
쿠키,2024-12-02 13:01
빙티,2024-12-02 13:00
짱수,2024-12-02 13:00